{
  "agent_distance_source": "focus",
  "agent_far_weight": 0.25,
  "ckpt_epoch": 17,
  "ckpt_step": 200000,
  "ego_action_clamp": false,
  "ego_action_normalization": "raw",
  "ego_action_source": "focus",
  "eval_batch_size": 1,
  "eval_ckpt": "/scratch/baz7dy/tri30/dreamer4/waymo/checkpoints/waymo_wm_v1_egoact_focus_raw_noclamp_full91_ctx1_h90_norecon_1m/step_00200000.pt",
  "eval_ctx": 1,
  "eval_max_batches": 0,
  "eval_seq_len": 91,
  "horizons": [
    1
  ],
  "metrics": {
    "h1": {
      "agent_delta_xy_mae_m": 0.0,
      "agent_fde_mae_m": 1.462253642369394,
      "agent_kinematic_xy_mae_m": 0.0,
      "agent_speed_mae_mps": 0.4303216343765698,
      "agent_speed_yaw_kinematic_mae_m": 0.0,
      "agent_valid_acc": 0.9429395376492005,
      "agent_vxvy_mae_mps": 0.5415371212324813,
      "agent_xy_mae_m": 1.462253642369394,
      "agent_yaw_mae_deg": 5.934365053851454,
      "focus_agent_fde_m": 0.19713646760607678,
      "focus_agent_xy_mae_m": 0.19713646760607678,
      "latent_mse_future": 0.06512784173727774,
      "light_state_acc": 0.6438863977673697,
      "light_valid_acc": 0.9912909836065574,
      "loss_agent_delta_xy": 0.0,
      "loss_agent_fde_xy": 0.48121735748093125,
      "loss_agent_kinematic_xy": 0.0,
      "loss_agent_speed_yaw_kinematic": 0.0,
      "loss_agent_valid": 0.6923795935766117,
      "loss_agent_vel": 0.202772242783658,
      "loss_agent_xy": 0.48121735748093125,
      "loss_agent_yaw": 0.008138656575278949,
      "loss_light_state": 0.3575891714967215,
      "loss_light_valid": 0.05213938758628553,
      "loss_total": 0.9091572506890976
    }
  },
  "use_ego_actions": true,
  "val_size": 5002
}
