{
  "agent_distance_source": "focus",
  "agent_far_weight": 0.25,
  "ckpt_epoch": 75,
  "ckpt_step": 850000,
  "ego_action_clamp": false,
  "ego_action_normalization": "raw",
  "ego_action_source": "focus",
  "eval_batch_size": 1,
  "eval_ckpt": "/scratch/baz7dy/tri30/dreamer4/waymo/checkpoints/waymo_wm_v1_egoact_focus_raw_noclamp_win11_ctx1_h10_randstart_lat32b16_norecon_1m/step_00850000.pt",
  "eval_ctx": 1,
  "eval_max_batches": 0,
  "eval_seq_len": 91,
  "horizons": [
    10,
    30,
    50,
    80,
    90
  ],
  "metrics": {
    "h10": {
      "agent_delta_xy_mae_m": 0.36376414854661887,
      "agent_fde_mae_m": 6.7008237759145155,
      "agent_kinematic_xy_mae_m": 0.3116406795972052,
      "agent_speed_mae_mps": 0.7788020008679677,
      "agent_speed_yaw_kinematic_mae_m": 0.3183498440592623,
      "agent_valid_acc": 0.9067793050464369,
      "agent_vxvy_mae_mps": 1.034892972135713,
      "agent_xy_mae_m": 4.238028979549309,
      "agent_yaw_mae_deg": 16.406018596132103,
      "focus_agent_fde_m": 1.519208101923989,
      "focus_agent_xy_mae_m": 1.0247768575399339,
      "latent_mse_future": 0.026078605026801545,
      "light_state_acc": 0.5981908304559462,
      "light_valid_acc": 0.9809113877361081,
      "loss_agent_delta_xy": 0.06897520280014616,
      "loss_agent_fde_xy": 2.8841792753682,
      "loss_agent_kinematic_xy": 0.05742384985817817,
      "loss_agent_speed_yaw_kinematic": 0.05880050048182645,
      "loss_agent_valid": 0.9731168958213366,
      "loss_agent_vel": 0.36852393472172107,
      "loss_agent_xy": 1.7409421878992344,
      "loss_agent_yaw": 0.033846033533671153,
      "loss_light_state": 1.1070371491212931,
      "loss_light_valid": 0.148754011597783,
      "loss_total": 3.109864774106837
    },
    "h30": {
      "agent_delta_xy_mae_m": 0.3218847610985861,
      "agent_fde_mae_m": 10.12658171959278,
      "agent_kinematic_xy_mae_m": 0.21405261326491867,
      "agent_speed_mae_mps": 1.238187839556746,
      "agent_speed_yaw_kinematic_mae_m": 0.22655547714856614,
      "agent_valid_acc": 0.8545927210528104,
      "agent_vxvy_mae_mps": 1.6185158755047853,
      "agent_xy_mae_m": 6.912428981206361,
      "agent_yaw_mae_deg": 25.78803314598071,
      "focus_agent_fde_m": 1.3691657964175181,
      "focus_agent_xy_mae_m": 1.3721966298787844,
      "latent_mse_future": 0.04471015565131591,
      "light_state_acc": 0.5173196827479657,
      "light_valid_acc": 0.961127231182789,
      "loss_agent_delta_xy": 0.051636465088083935,
      "loss_agent_fde_xy": 4.6243075367475885,
      "loss_agent_kinematic_xy": 0.028732596288567776,
      "loss_agent_speed_yaw_kinematic": 0.030977835488376584,
      "loss_agent_valid": 1.6314815320210396,
      "loss_agent_vel": 0.6533794968438501,
      "loss_agent_xy": 2.991455939359686,
      "loss_agent_yaw": 0.06417315839036553,
      "loss_light_state": 2.496814859752528,
      "loss_light_valid": 0.35248420562350413,
      "loss_total": 5.165803060036857
    },
    "h50": {
      "agent_delta_xy_mae_m": 0.36543650565589253,
      "agent_fde_mae_m": 14.174909229185142,
      "agent_kinematic_xy_mae_m": 0.2675360966725547,
      "agent_speed_mae_mps": 1.5437794993045044,
      "agent_speed_yaw_kinematic_mae_m": 0.28076024149290946,
      "agent_valid_acc": 0.8194738415981092,
      "agent_vxvy_mae_mps": 1.9802193195759796,
      "agent_xy_mae_m": 8.761652651499482,
      "agent_yaw_mae_deg": 29.807681696312944,
      "focus_agent_fde_m": 8.794173130341882,
      "focus_agent_xy_mae_m": 2.5958573788207846,
      "latent_mse_future": 0.05999896970305887,
      "light_state_acc": 0.4727522507203785,
      "light_valid_acc": 0.9440081393877204,
      "loss_agent_delta_xy": 0.07461881272473195,
      "loss_agent_fde_xy": 7.407443915984955,
      "loss_agent_kinematic_xy": 0.05401420062115067,
      "loss_agent_speed_yaw_kinematic": 0.056503710109528794,
      "loss_agent_valid": 1.9728681871017806,
      "loss_agent_vel": 0.8524419412133051,
      "loss_agent_xy": 4.002898840046749,
      "loss_agent_yaw": 0.07959616022058441,
      "loss_light_state": 3.276735484337721,
      "loss_light_valid": 0.5277465936859023,
      "loss_total": 6.937712331394442
    },
    "h80": {
      "agent_delta_xy_mae_m": 0.3882673238856537,
      "agent_fde_mae_m": 20.993789230142294,
      "agent_kinematic_xy_mae_m": 0.3010580121326904,
      "agent_speed_mae_mps": 1.9095817226194134,
      "agent_speed_yaw_kinematic_mae_m": 0.3169528728798598,
      "agent_valid_acc": 0.7809664563673203,
      "agent_vxvy_mae_mps": 2.383951023745327,
      "agent_xy_mae_m": 11.988223552989846,
      "agent_yaw_mae_deg": 33.23476116412261,
      "focus_agent_fde_m": 23.618271098877326,
      "focus_agent_xy_mae_m": 7.712446171788872,
      "latent_mse_future": 0.07968666700993339,
      "light_state_acc": 0.4194870853043649,
      "light_valid_acc": 0.926030218100748,
      "loss_agent_delta_xy": 0.08677460433573041,
      "loss_agent_fde_xy": 12.745085464697368,
      "loss_agent_kinematic_xy": 0.07077500308829932,
      "loss_agent_speed_yaw_kinematic": 0.07440564016544739,
      "loss_agent_valid": 2.2978695658326047,
      "loss_agent_vel": 1.1318667390790047,
      "loss_agent_xy": 6.128696807214424,
      "loss_agent_yaw": 0.09411367739611094,
      "loss_light_state": 4.226727843231919,
      "loss_light_valid": 0.7145216183776542,
      "loss_total": 9.888763279044499
    },
    "h90": {
      "agent_delta_xy_mae_m": 0.3967012712528638,
      "agent_fde_mae_m": 23.254771097523363,
      "agent_kinematic_xy_mae_m": 0.31239751829538215,
      "agent_speed_mae_mps": 2.0256793007063942,
      "agent_speed_yaw_kinematic_mae_m": 0.32900603616335355,
      "agent_valid_acc": 0.7682325982811545,
      "agent_vxvy_mae_mps": 2.5083641855180954,
      "agent_xy_mae_m": 13.212519206413504,
      "agent_yaw_mae_deg": 34.25150769746384,
      "focus_agent_fde_m": 29.33091266685408,
      "focus_agent_xy_mae_m": 9.785780661689882,
      "latent_mse_future": 0.08576753480387468,
      "light_state_acc": 0.40824461376584203,
      "light_valid_acc": 0.9202141459645485,
      "loss_agent_delta_xy": 0.09104348742710304,
      "loss_agent_fde_xy": 14.622049435859964,
      "loss_agent_kinematic_xy": 0.0765845451515117,
      "loss_agent_speed_yaw_kinematic": 0.08055822897224134,
      "loss_agent_valid": 2.412445797496521,
      "loss_agent_vel": 1.2175907552218446,
      "loss_agent_xy": 6.93903197480983,
      "loss_agent_yaw": 0.09853137474831436,
      "loss_light_state": 4.4561765953740435,
      "loss_light_valid": 0.7737791023875661,
      "loss_total": 10.929087566547706
    }
  },
  "use_ego_actions": true,
  "val_size": 5002
}
