{
  "agent_distance_source": "focus",
  "agent_far_weight": 0.25,
  "ckpt_epoch": 75,
  "ckpt_step": 850000,
  "ego_action_clamp": false,
  "ego_action_normalization": "raw",
  "ego_action_source": "focus",
  "eval_batch_size": 1,
  "eval_ckpt": "/scratch/baz7dy/tri30/dreamer4/waymo/checkpoints/waymo_wm_v1_egoact_focus_raw_noclamp_win11_ctx1_h10_randstart_lat64b32_norecon_1m/step_00850000.pt",
  "eval_ctx": 1,
  "eval_max_batches": 0,
  "eval_seq_len": 91,
  "horizons": [
    10,
    30,
    50,
    80,
    90
  ],
  "metrics": {
    "h10": {
      "agent_delta_xy_mae_m": 0.3404140377916941,
      "agent_fde_mae_m": 6.207101003151806,
      "agent_kinematic_xy_mae_m": 0.2953948558571457,
      "agent_speed_mae_mps": 0.79716017428653,
      "agent_speed_yaw_kinematic_mae_m": 0.3032518851807991,
      "agent_valid_acc": 0.9106835632241282,
      "agent_vxvy_mae_mps": 1.004384512191222,
      "agent_xy_mae_m": 3.987162396919484,
      "agent_yaw_mae_deg": 12.098772517875021,
      "focus_agent_fde_m": 0.6218371544106567,
      "focus_agent_xy_mae_m": 0.5249777863640748,
      "latent_mse_future": 0.03819974343429637,
      "light_state_acc": 0.6094718528092236,
      "light_valid_acc": 0.9860255910647435,
      "loss_agent_delta_xy": 0.06492987220966732,
      "loss_agent_fde_xy": 2.6127922164476582,
      "loss_agent_kinematic_xy": 0.05417386371418132,
      "loss_agent_speed_yaw_kinematic": 0.05567666603779349,
      "loss_agent_valid": 0.9429091395182928,
      "loss_agent_vel": 0.3692266164305264,
      "loss_agent_xy": 1.6072378617505438,
      "loss_agent_yaw": 0.024065774556617386,
      "loss_light_state": 1.0184499953615234,
      "loss_light_valid": 0.15553696246004123,
      "loss_total": 2.899467236245098
    },
    "h30": {
      "agent_delta_xy_mae_m": 0.3006876414177752,
      "agent_fde_mae_m": 9.175542208944401,
      "agent_kinematic_xy_mae_m": 0.20540241262421566,
      "agent_speed_mae_mps": 1.2930740811353754,
      "agent_speed_yaw_kinematic_mae_m": 0.219010673219808,
      "agent_valid_acc": 0.8632652009131669,
      "agent_vxvy_mae_mps": 1.6147848511787235,
      "agent_xy_mae_m": 6.3131967934428666,
      "agent_yaw_mae_deg": 17.986422799363798,
      "focus_agent_fde_m": 1.2124432217163938,
      "focus_agent_xy_mae_m": 0.7475926656010108,
      "latent_mse_future": 0.06320539237217332,
      "light_state_acc": 0.543873695566355,
      "light_valid_acc": 0.966095240866361,
      "loss_agent_delta_xy": 0.04895991674298644,
      "loss_agent_fde_xy": 4.228607941542516,
      "loss_agent_kinematic_xy": 0.028464819112857684,
      "loss_agent_speed_yaw_kinematic": 0.03054630446021489,
      "loss_agent_valid": 1.4843289926682541,
      "loss_agent_vel": 0.6794529260446752,
      "loss_agent_xy": 2.698022639734156,
      "loss_agent_yaw": 0.04155030731352276,
      "loss_light_state": 2.0921928706503015,
      "loss_light_valid": 0.38279909025302206,
      "loss_total": 4.643183109743363
    },
    "h50": {
      "agent_delta_xy_mae_m": 0.35626186283736505,
      "agent_fde_mae_m": 13.0528991566997,
      "agent_kinematic_xy_mae_m": 0.30371181210015163,
      "agent_speed_mae_mps": 1.6572088710531765,
      "agent_speed_yaw_kinematic_mae_m": 0.3157262322051627,
      "agent_valid_acc": 0.8288258791196256,
      "agent_vxvy_mae_mps": 2.0600949209280275,
      "agent_xy_mae_m": 8.020600704706368,
      "agent_yaw_mae_deg": 21.775233529272768,
      "focus_agent_fde_m": 10.443338424039975,
      "focus_agent_xy_mae_m": 2.8154838788108987,
      "latent_mse_future": 0.08453645883016334,
      "light_state_acc": 0.4997472032413642,
      "light_valid_acc": 0.948550823362457,
      "loss_agent_delta_xy": 0.07512508892435216,
      "loss_agent_fde_xy": 7.183630654307567,
      "loss_agent_kinematic_xy": 0.06602024511591097,
      "loss_agent_speed_yaw_kinematic": 0.06823722183958898,
      "loss_agent_valid": 1.843317478568554,
      "loss_agent_vel": 0.9285145345516727,
      "loss_agent_xy": 3.752937083891848,
      "loss_agent_yaw": 0.055219480983105064,
      "loss_light_state": 2.782605457583237,
      "loss_light_valid": 0.5969322687735018,
      "loss_total": 6.531039223962667
    },
    "h80": {
      "agent_delta_xy_mae_m": 0.38224942329340056,
      "agent_fde_mae_m": 19.989294933920046,
      "agent_kinematic_xy_mae_m": 0.377700206626658,
      "agent_speed_mae_mps": 2.201513952085944,
      "agent_speed_yaw_kinematic_mae_m": 0.39065450018212966,
      "agent_valid_acc": 0.7923038263515871,
      "agent_vxvy_mae_mps": 2.6840217790720176,
      "agent_xy_mae_m": 11.419097264544195,
      "agent_yaw_mae_deg": 25.989156198663647,
      "focus_agent_fde_m": 25.106939279958784,
      "focus_agent_xy_mae_m": 8.39717698699442,
      "latent_mse_future": 0.12408427091301238,
      "light_state_acc": 0.45338727033813253,
      "light_valid_acc": 0.9266746472083226,
      "loss_agent_delta_xy": 0.08757142468410709,
      "loss_agent_fde_xy": 12.575578737692659,
      "loss_agent_kinematic_xy": 0.09478489948125308,
      "loss_agent_speed_yaw_kinematic": 0.09796619730584397,
      "loss_agent_valid": 2.1580809277025796,
      "loss_agent_vel": 1.3126622001293813,
      "loss_agent_xy": 5.998870994772067,
      "loss_agent_yaw": 0.07282367716149585,
      "loss_light_state": 3.4816400674564694,
      "loss_light_valid": 0.8701828650683022,
      "loss_total": 9.620925342140556
    },
    "h90": {
      "agent_delta_xy_mae_m": 0.39080707026926315,
      "agent_fde_mae_m": 22.16215439459554,
      "agent_kinematic_xy_mae_m": 0.3964294692749431,
      "agent_speed_mae_mps": 2.375241924144301,
      "agent_speed_yaw_kinematic_mae_m": 0.4102055396183116,
      "agent_valid_acc": 0.7794231406179536,
      "agent_vxvy_mae_mps": 2.8793889754643587,
      "agent_xy_mae_m": 12.648733889803987,
      "agent_yaw_mae_deg": 27.193234739948014,
      "focus_agent_fde_m": 30.414192947054296,
      "focus_agent_xy_mae_m": 10.540697033924074,
      "latent_mse_future": 0.13677265592029647,
      "light_state_acc": 0.44467360698046393,
      "light_valid_acc": 0.919927593094201,
      "loss_agent_delta_xy": 0.09162891315642047,
      "loss_agent_fde_xy": 14.379526417167698,
      "loss_agent_kinematic_xy": 0.10288078195069775,
      "loss_agent_speed_yaw_kinematic": 0.10651309931872696,
      "loss_agent_valid": 2.2645996870836473,
      "loss_agent_vel": 1.4337335934624915,
      "loss_agent_xy": 6.817546855147388,
      "loss_agent_yaw": 0.07761728348167071,
      "loss_light_state": 3.6153140072503085,
      "loss_light_valid": 0.9580523635625711,
      "loss_total": 10.65703457472373
    }
  },
  "use_ego_actions": true,
  "val_size": 5002
}
