{
  "ckpt_epoch": 31,
  "ckpt_step": 350000,
  "eval_batch_size": 1,
  "eval_ckpt": "/scratch/baz7dy/tri30/dreamer4/waymo/checkpoints/waymo_wm_v1_egoact_sdc_farw025_dec01_lat64_b64_win100_ctx11_h80_1m/step_00350000.pt",
  "eval_ctx": 11,
  "eval_max_batches": 0,
  "eval_seq_len": 100,
  "horizons": [
    10,
    30,
    50,
    80
  ],
  "metrics": {
    "h10": {
      "agent_delta_xy_mae_m": 0.1244167154196833,
      "agent_fde_mae_m": 0.7380482756414685,
      "agent_kinematic_xy_mae_m": 0.11133296209655967,
      "agent_speed_mae_mps": 0.5378682462484395,
      "agent_speed_yaw_kinematic_mae_m": 0.11613823472485334,
      "agent_valid_acc": 0.854581623131492,
      "agent_vxvy_mae_mps": 0.6289192816538245,
      "agent_xy_mae_m": 0.5572586722913287,
      "agent_yaw_mae_deg": 4.702170759397762,
      "focus_agent_fde_m": 0.5392719554300446,
      "focus_agent_xy_mae_m": 0.25239761976781383,
      "latent_mse_future": 0.08819937198476845,
      "light_state_acc": 0.34142605683839666,
      "light_valid_acc": 0.9463302256589363,
      "loss_agent_delta_xy": 0.006637122214203741,
      "loss_agent_fde_xy": 0.18439149607705776,
      "loss_agent_kinematic_xy": 0.00508833888969992,
      "loss_agent_speed_yaw_kinematic": 0.0055293477706175286,
      "loss_agent_valid": 0.9769303020049217,
      "loss_agent_vel": 0.23084857104960957,
      "loss_agent_xy": 0.09652847525995464,
      "loss_agent_yaw": 0.0048664974997942164,
      "loss_light_state": 2.6845293342307404,
      "loss_light_valid": 0.20693771490056148,
      "loss_total": 1.8092309032208989
    },
    "h30": {
      "agent_delta_xy_mae_m": 0.3031987712645188,
      "agent_fde_mae_m": 5.1923607632142454,
      "agent_kinematic_xy_mae_m": 0.26438003849954617,
      "agent_speed_mae_mps": 1.2678401651965385,
      "agent_speed_yaw_kinematic_mae_m": 0.2716974011335264,
      "agent_valid_acc": 0.6388739826428037,
      "agent_vxvy_mae_mps": 1.494850783110237,
      "agent_xy_mae_m": 2.083646467069491,
      "agent_yaw_mae_deg": 9.531846911275164,
      "focus_agent_fde_m": 6.797605852572257,
      "focus_agent_xy_mae_m": 2.084191975201287,
      "latent_mse_future": 0.1695117830274264,
      "light_state_acc": 0.2558227963071586,
      "light_valid_acc": 0.8605308173800029,
      "loss_agent_delta_xy": 0.06995014452821582,
      "loss_agent_fde_xy": 3.042185467534938,
      "loss_agent_kinematic_xy": 0.05696316877557266,
      "loss_agent_speed_yaw_kinematic": 0.05860583539876226,
      "loss_agent_valid": 3.0182719330615426,
      "loss_agent_vel": 0.8408322233300074,
      "loss_agent_xy": 0.961442114141096,
      "loss_agent_yaw": 0.018989608940075946,
      "loss_light_state": 3.057150844360193,
      "loss_light_valid": 0.7003613891958371,
      "loss_total": 3.995646510355142
    },
    "h50": {
      "agent_delta_xy_mae_m": 0.5232969376518101,
      "agent_fde_mae_m": 12.989150868468835,
      "agent_kinematic_xy_mae_m": 0.46426444033869074,
      "agent_speed_mae_mps": 2.424272420178981,
      "agent_speed_yaw_kinematic_mae_m": 0.48369650371888073,
      "agent_valid_acc": 0.5632759914403913,
      "agent_vxvy_mae_mps": 2.683073409768592,
      "agent_xy_mae_m": 5.313423761471611,
      "agent_yaw_mae_deg": 15.200933969244867,
      "focus_agent_fde_m": 18.9221615453438,
      "focus_agent_xy_mae_m": 6.488583440067576,
      "latent_mse_future": 0.23115459639133693,
      "light_state_acc": 0.2153004461855459,
      "light_valid_acc": 0.8768994766460663,
      "loss_agent_delta_xy": 0.20850204585352075,
      "loss_agent_fde_xy": 8.943510539070076,
      "loss_agent_kinematic_xy": 0.18342719285860426,
      "loss_agent_speed_yaw_kinematic": 0.20111514128781283,
      "loss_agent_valid": 4.383791200430846,
      "loss_agent_vel": 2.003321767690443,
      "loss_agent_xy": 3.1232500649193247,
      "loss_agent_yaw": 0.05126041861962987,
      "loss_light_state": 3.831108615661814,
      "loss_light_valid": 0.6688607895193098,
      "loss_total": 8.329106053963798
    },
    "h80": {
      "agent_delta_xy_mae_m": 0.8903836533933676,
      "agent_fde_mae_m": 21.719432746730103,
      "agent_kinematic_xy_mae_m": 0.8337026253634574,
      "agent_speed_mae_mps": 3.773659508807904,
      "agent_speed_yaw_kinematic_mae_m": 0.8668413711447375,
      "agent_valid_acc": 0.5253064871111401,
      "agent_vxvy_mae_mps": 4.121986908371189,
      "agent_xy_mae_m": 10.8048052222478,
      "agent_yaw_mae_deg": 21.393392820588975,
      "focus_agent_fde_m": 35.10661384707591,
      "focus_agent_xy_mae_m": 13.99299201808992,
      "latent_mse_future": 0.30131250759456357,
      "light_state_acc": 0.18768335777096173,
      "light_valid_acc": 0.8800078491683675,
      "loss_agent_delta_xy": 0.426394927018627,
      "loss_agent_fde_xy": 15.982976681635124,
      "loss_agent_kinematic_xy": 0.4026515379172714,
      "loss_agent_speed_yaw_kinematic": 0.43130685761868837,
      "loss_agent_valid": 4.990246691319142,
      "loss_agent_vel": 3.1538497889723507,
      "loss_agent_xy": 6.878477058425897,
      "loss_agent_yaw": 0.08487873102483548,
      "loss_light_state": 4.576882701526518,
      "loss_light_valid": 0.8062929802245405,
      "loss_total": 14.74083270944628
    }
  },
  "val_size": 5002
}
