{
  "agent_distance_source": "focus",
  "agent_far_weight": 0.25,
  "ckpt_epoch": 17,
  "ckpt_step": 200000,
  "ego_action_clamp": false,
  "ego_action_normalization": "raw",
  "ego_action_source": "focus",
  "eval_batch_size": 1,
  "eval_ckpt": "/scratch/baz7dy/tri30/dreamer4/waymo/checkpoints/waymo_wm_v1_egoact_focus_raw_noclamp_win11_ctx1_h10_fixedstart_b2_norecon_1m/step_00200000.pt",
  "eval_ctx": 1,
  "eval_max_batches": 0,
  "eval_seq_len": 91,
  "horizons": [
    10,
    30,
    50,
    80,
    90
  ],
  "metrics": {
    "h10": {
      "agent_delta_xy_mae_m": 0.40216423310145816,
      "agent_fde_mae_m": 6.115044377246698,
      "agent_kinematic_xy_mae_m": 0.3662590220248828,
      "agent_speed_mae_mps": 0.7134156818950369,
      "agent_speed_yaw_kinematic_mae_m": 0.3707260227047565,
      "agent_valid_acc": 0.8847180164155842,
      "agent_vxvy_mae_mps": 0.909787695504865,
      "agent_xy_mae_m": 4.04782377774479,
      "agent_yaw_mae_deg": 11.837561759565983,
      "focus_agent_fde_m": 0.11720266602131858,
      "focus_agent_xy_mae_m": 0.16240896972217284,
      "latent_mse_future": 0.059017556870031136,
      "light_state_acc": 0.6176317332961151,
      "light_valid_acc": 0.9880072980678258,
      "loss_agent_delta_xy": 0.10014855928280286,
      "loss_agent_fde_xy": 2.5199640743078433,
      "loss_agent_kinematic_xy": 0.09184715637212164,
      "loss_agent_speed_yaw_kinematic": 0.09244190903826624,
      "loss_agent_valid": 1.774892914101696,
      "loss_agent_vel": 0.3312664065519437,
      "loss_agent_xy": 1.5891929139617365,
      "loss_agent_yaw": 0.02301523971548514,
      "loss_light_state": 0.8115002112638527,
      "loss_light_valid": 0.15722626686231916,
      "loss_total": 3.1869046669445935
    },
    "h30": {
      "agent_delta_xy_mae_m": 0.47382094821438747,
      "agent_fde_mae_m": 11.89518953856827,
      "agent_kinematic_xy_mae_m": 0.39176333795745866,
      "agent_speed_mae_mps": 1.210970976187742,
      "agent_speed_yaw_kinematic_mae_m": 0.39867298425834735,
      "agent_valid_acc": 0.8449816029579913,
      "agent_vxvy_mae_mps": 1.5322981581318287,
      "agent_xy_mae_m": 7.183561566518526,
      "agent_yaw_mae_deg": 19.0168917283672,
      "focus_agent_fde_m": 9.483079011972313,
      "focus_agent_xy_mae_m": 2.9149393734538176,
      "latent_mse_future": 0.09771831343440143,
      "light_state_acc": 0.5554778285019967,
      "light_valid_acc": 0.9704868138336935,
      "loss_agent_delta_xy": 0.12559412286037067,
      "loss_agent_fde_xy": 6.00532112657571,
      "loss_agent_kinematic_xy": 0.10522307042055846,
      "loss_agent_speed_yaw_kinematic": 0.10816597063127892,
      "loss_agent_valid": 2.172290602672319,
      "loss_agent_vel": 0.6586237318351305,
      "loss_agent_xy": 3.22034721009758,
      "loss_agent_yaw": 0.045472534553407634,
      "loss_light_state": 1.7734039565920805,
      "loss_light_valid": 0.40266429875837917,
      "loss_total": 5.676269176869286
    },
    "h50": {
      "agent_delta_xy_mae_m": 0.5220138687090795,
      "agent_fde_mae_m": 17.19165466132997,
      "agent_kinematic_xy_mae_m": 0.4480447133869731,
      "agent_speed_mae_mps": 1.5708933888284005,
      "agent_speed_yaw_kinematic_mae_m": 0.4556591526866972,
      "agent_valid_acc": 0.8166518936880299,
      "agent_vxvy_mae_mps": 1.984354831086176,
      "agent_xy_mae_m": 9.855030908245222,
      "agent_yaw_mae_deg": 23.195350257874203,
      "focus_agent_fde_m": 21.82494731475089,
      "focus_agent_xy_mae_m": 8.131573439815917,
      "latent_mse_future": 0.13185570775907338,
      "light_state_acc": 0.5115970433799041,
      "light_valid_acc": 0.9553885899814831,
      "loss_agent_delta_xy": 0.14314978613398271,
      "loss_agent_fde_xy": 9.89305270361643,
      "loss_agent_kinematic_xy": 0.12343717107967027,
      "loss_agent_speed_yaw_kinematic": 0.12770208015286943,
      "loss_agent_valid": 2.3386302529335063,
      "loss_agent_vel": 0.9093628327806489,
      "loss_agent_xy": 5.003280645475441,
      "loss_agent_yaw": 0.06008834406508781,
      "loss_light_state": 2.4927975581585144,
      "loss_light_valid": 0.6322797463817058,
      "loss_total": 8.137949078071598
    },
    "h80": {
      "agent_delta_xy_mae_m": 0.5536916341970726,
      "agent_fde_mae_m": 25.046136852742578,
      "agent_kinematic_xy_mae_m": 0.48761213957736105,
      "agent_speed_mae_mps": 1.990295786942329,
      "agent_speed_yaw_kinematic_mae_m": 0.495450133923255,
      "agent_valid_acc": 0.7743362258763754,
      "agent_vxvy_mae_mps": 2.539012892363144,
      "agent_xy_mae_m": 14.04112256764889,
      "agent_yaw_mae_deg": 27.43010544011899,
      "focus_agent_fde_m": 40.767669027534744,
      "focus_agent_xy_mae_m": 16.897376861985176,
      "latent_mse_future": 0.220835688243546,
      "light_state_acc": 0.469190746222333,
      "light_valid_acc": 0.9338828567914466,
      "loss_agent_delta_xy": 0.15483222772749547,
      "loss_agent_fde_xy": 16.284656644725455,
      "loss_agent_kinematic_xy": 0.13619776360586047,
      "loss_agent_speed_yaw_kinematic": 0.14085792486619364,
      "loss_agent_valid": 2.5684384852903825,
      "loss_agent_vel": 1.2423639725916078,
      "loss_agent_xy": 7.999873719611963,
      "loss_agent_yaw": 0.0776009107347582,
      "loss_light_state": 3.1528987145101106,
      "loss_light_valid": 0.9529370678061206,
      "loss_total": 11.807991602906034
    },
    "h90": {
      "agent_delta_xy_mae_m": 0.5604120473228827,
      "agent_fde_mae_m": 27.421777396047656,
      "agent_kinematic_xy_mae_m": 0.49202630890742605,
      "agent_speed_mae_mps": 2.1120490771515374,
      "agent_speed_yaw_kinematic_mae_m": 0.500086665272665,
      "agent_valid_acc": 0.7601538676469147,
      "agent_vxvy_mae_mps": 2.703503965976976,
      "agent_xy_mae_m": 15.475882108713902,
      "agent_yaw_mae_deg": 28.71539143304594,
      "focus_agent_fde_m": 47.45103960724191,
      "focus_agent_xy_mae_m": 19.91198247755881,
      "latent_mse_future": 0.25499913153476544,
      "light_state_acc": 0.45563121374988996,
      "light_valid_acc": 0.9277933342981843,
      "loss_agent_delta_xy": 0.15825804754951467,
      "loss_agent_fde_xy": 18.394776583003882,
      "loss_agent_kinematic_xy": 0.138415774310877,
      "loss_agent_speed_yaw_kinematic": 0.14337509335272378,
      "loss_agent_valid": 2.6531427175256965,
      "loss_agent_vel": 1.345128871646465,
      "loss_agent_xy": 9.050262762600783,
      "loss_agent_yaw": 0.08310630663598721,
      "loss_light_state": 3.364249068029963,
      "loss_light_valid": 1.0518909187974024,
      "loss_total": 13.061151593244347
    }
  },
  "use_ego_actions": true,
  "val_size": 5002
}
