{
  "agent_distance_source": "focus",
  "agent_far_weight": 0.25,
  "ckpt_epoch": 35,
  "ckpt_step": 400000,
  "ego_action_clamp": false,
  "ego_action_normalization": "raw",
  "ego_action_source": "focus",
  "eval_batch_size": 1,
  "eval_ckpt": "/scratch/baz7dy/tri30/dreamer4/waymo/checkpoints/waymo_wm_tf_onestep_focus_raw_noclamp_full91_ctx10_h81_norecon_1m/step_00400000.pt",
  "eval_ctx": 10,
  "eval_max_batches": 0,
  "eval_seq_len": 91,
  "horizons": [
    1,
    5,
    10,
    20,
    40,
    60,
    81
  ],
  "metrics": {
    "h1": {
      "agent_delta_xy_mae_m": 0.0,
      "agent_fde_mae_m": 1.0876181848519972,
      "agent_kinematic_xy_mae_m": 0.0,
      "agent_speed_mae_mps": 1.202245639617004,
      "agent_speed_yaw_kinematic_mae_m": 0.0,
      "agent_valid_acc": 0.944187401128454,
      "agent_vxvy_mae_mps": 1.3772808351173778,
      "agent_xy_mae_m": 1.0876181848519972,
      "agent_yaw_mae_deg": 11.548959042896323,
      "focus_agent_fde_m": 0.5703733541270731,
      "focus_agent_xy_mae_m": 0.5703733541270731,
      "latent_mse_future": 0.2793274283027801,
      "light_state_acc": 0.46980192754171884,
      "light_valid_acc": 0.9566298480607757,
      "loss_agent_delta_xy": 0.0,
      "loss_agent_fde_xy": 0.31277479127780056,
      "loss_agent_kinematic_xy": 0.0,
      "loss_agent_speed_yaw_kinematic": 0.0,
      "loss_agent_valid": 0.3173842365860756,
      "loss_agent_vel": 0.7066376509021272,
      "loss_agent_xy": 0.31277479127780056,
      "loss_agent_yaw": 0.022625919233872714,
      "loss_light_state": 1.2903263419543967,
      "loss_light_valid": 0.1649288333990945,
      "loss_total": 1.4025394771432802
    },
    "h10": {
      "agent_delta_xy_mae_m": 1.0921993072791512,
      "agent_fde_mae_m": 6.938017291147582,
      "agent_kinematic_xy_mae_m": 1.0523828106825468,
      "agent_speed_mae_mps": 2.3957538340376265,
      "agent_speed_yaw_kinematic_mae_m": 1.0844131159256907,
      "agent_valid_acc": 0.8517771883160531,
      "agent_vxvy_mae_mps": 2.8670486409048803,
      "agent_xy_mae_m": 3.5736375943821272,
      "agent_yaw_mae_deg": 22.555071999291712,
      "focus_agent_fde_m": 5.725814452420165,
      "focus_agent_xy_mae_m": 2.987628403852959,
      "latent_mse_future": 0.4002327035720803,
      "light_state_acc": 0.2991147897215929,
      "light_valid_acc": 0.9215301458255761,
      "loss_agent_delta_xy": 0.4494117859200608,
      "loss_agent_fde_xy": 3.375174725153407,
      "loss_agent_kinematic_xy": 0.4359168155701226,
      "loss_agent_speed_yaw_kinematic": 0.45179208679968524,
      "loss_agent_valid": 0.5299222247321137,
      "loss_agent_vel": 1.712962434285643,
      "loss_agent_xy": 1.5975465813784993,
      "loss_agent_yaw": 0.06928987563598897,
      "loss_light_state": 2.4107000761208446,
      "loss_light_valid": 0.2941522829956177,
      "loss_total": 6.912590695888412
    },
    "h20": {
      "agent_delta_xy_mae_m": 1.7113730025942064,
      "agent_fde_mae_m": 17.745701844646472,
      "agent_kinematic_xy_mae_m": 1.6293805256360818,
      "agent_speed_mae_mps": 4.883147495227163,
      "agent_speed_yaw_kinematic_mae_m": 1.7019634284957892,
      "agent_valid_acc": 0.7141438614352137,
      "agent_vxvy_mae_mps": 6.037929211781531,
      "agent_xy_mae_m": 8.204772096331336,
      "agent_yaw_mae_deg": 43.20858547812412,
      "focus_agent_fde_m": 12.127331333246078,
      "focus_agent_xy_mae_m": 6.134546750345406,
      "latent_mse_future": 0.5882696375721505,
      "light_state_acc": 0.20309647056990948,
      "light_valid_acc": 0.9263469692779893,
      "loss_agent_delta_xy": 0.7547244561284256,
      "loss_agent_fde_xy": 9.092263839796322,
      "loss_agent_kinematic_xy": 0.7266790800746895,
      "loss_agent_speed_yaw_kinematic": 0.7714766541355159,
      "loss_agent_valid": 0.9244413096521723,
      "loss_agent_vel": 3.9006012491658417,
      "loss_agent_xy": 4.032259328485202,
      "loss_agent_yaw": 0.17955983529554032,
      "loss_light_state": 3.574200785022135,
      "loss_light_valid": 0.3011896740240032,
      "loss_total": 13.250796196294852
    },
    "h40": {
      "agent_delta_xy_mae_m": 1.937954144751201,
      "agent_fde_mae_m": 22.220476704614253,
      "agent_kinematic_xy_mae_m": 1.9809494735371442,
      "agent_speed_mae_mps": 7.247606355898002,
      "agent_speed_yaw_kinematic_mae_m": 2.078878980286357,
      "agent_valid_acc": 0.6046582769747021,
      "agent_vxvy_mae_mps": 8.795536074148375,
      "agent_xy_mae_m": 14.13297742857832,
      "agent_yaw_mae_deg": 59.02173419362876,
      "focus_agent_fde_m": 21.532668669267174,
      "focus_agent_xy_mae_m": 11.73608513745438,
      "latent_mse_future": 0.8062408332679807,
      "light_state_acc": 0.14148943111473997,
      "light_valid_acc": 0.927629894236239,
      "loss_agent_delta_xy": 0.8439072968422627,
      "loss_agent_fde_xy": 12.22024201544844,
      "loss_agent_kinematic_xy": 0.880249370056324,
      "loss_agent_speed_yaw_kinematic": 0.9525770668278499,
      "loss_agent_valid": 1.2392660096843597,
      "loss_agent_vel": 5.796183246319316,
      "loss_agent_xy": 7.402966786329387,
      "loss_agent_yaw": 0.27476550294522023,
      "loss_light_state": 4.664616449961349,
      "loss_light_valid": 0.37811590518731375,
      "loss_total": 19.36281513290756
    },
    "h5": {
      "agent_delta_xy_mae_m": 0.776228852138096,
      "agent_fde_mae_m": 2.9928674822995682,
      "agent_kinematic_xy_mae_m": 0.7538464310132518,
      "agent_speed_mae_mps": 1.5959022746163338,
      "agent_speed_yaw_kinematic_mae_m": 0.7711292317554933,
      "agent_valid_acc": 0.916338185580527,
      "agent_vxvy_mae_mps": 1.8675049379295179,
      "agent_xy_mae_m": 1.932941641284675,
      "agent_yaw_mae_deg": 15.166731754501836,
      "focus_agent_fde_m": 2.610821910817675,
      "focus_agent_xy_mae_m": 1.4521856542895646,
      "latent_mse_future": 0.32381778642362424,
      "light_state_acc": 0.38172782434322616,
      "light_valid_acc": 0.9356857331120363,
      "loss_agent_delta_xy": 0.27060349030010195,
      "loss_agent_fde_xy": 1.2808431408381828,
      "loss_agent_kinematic_xy": 0.26460369365116276,
      "loss_agent_speed_yaw_kinematic": 0.2725359592175276,
      "loss_agent_valid": 0.38421238946520875,
      "loss_agent_vel": 1.0440068775754436,
      "loss_agent_xy": 0.7258818302756367,
      "loss_agent_yaw": 0.03691474154356565,
      "loss_light_state": 1.8450888593004224,
      "loss_light_valid": 0.24714931256651118,
      "loss_total": 4.158534860763488
    },
    "h60": {
      "agent_delta_xy_mae_m": 1.9141520151182538,
      "agent_fde_mae_m": 26.729483909103596,
      "agent_kinematic_xy_mae_m": 2.0181215115186455,
      "agent_speed_mae_mps": 8.483962005565092,
      "agent_speed_yaw_kinematic_mae_m": 2.135215034893826,
      "agent_valid_acc": 0.56417535579369,
      "agent_vxvy_mae_mps": 10.154487670349722,
      "agent_xy_mae_m": 17.57255127042925,
      "agent_yaw_mae_deg": 64.98450555862402,
      "focus_agent_fde_m": 31.795705000529203,
      "focus_agent_xy_mae_m": 16.715350049011995,
      "latent_mse_future": 0.8956493690508645,
      "light_state_acc": 0.12946728931595444,
      "light_valid_acc": 0.9173256027631786,
      "loss_agent_delta_xy": 0.8148831763192683,
      "loss_agent_fde_xy": 15.764162474801568,
      "loss_agent_kinematic_xy": 0.8812206625694134,
      "loss_agent_speed_yaw_kinematic": 0.9709316874038382,
      "loss_agent_valid": 1.3457379068152273,
      "loss_agent_vel": 6.760462487044214,
      "loss_agent_xy": 9.590516618970202,
      "loss_agent_yaw": 0.3134069667517638,
      "loss_light_state": 4.89065238759212,
      "loss_light_valid": 0.5099130579137945,
      "loss_total": 22.24088310842655
    },
    "h81": {
      "agent_delta_xy_mae_m": 1.9347051826716424,
      "agent_fde_mae_m": 32.173827100210026,
      "agent_kinematic_xy_mae_m": 2.078580591873806,
      "agent_speed_mae_mps": 9.78537100548746,
      "agent_speed_yaw_kinematic_mae_m": 2.229340220584435,