{
  "ckpt_epoch": 8,
  "ckpt_step": 90000,
  "eval_batch_size": 1,
  "eval_ckpt": "/scratch/baz7dy/tri30/dreamer4/waymo/checkpoints/waymo_wm_v0_lat64_b64_win100_ctx11_h80/step_00090000.pt",
  "eval_ctx": 11,
  "eval_max_batches": 0,
  "eval_seq_len": 100,
  "horizons": [
    10,
    30,
    50,
    80
  ],
  "metrics": {
    "h10": {
      "agent_delta_xy_mae_m": 0.17554218317421139,
      "agent_fde_mae_m": 1.8620985555546326,
      "agent_kinematic_xy_mae_m": 0.14912688502649374,
      "agent_speed_mae_mps": 0.46354342466283566,
      "agent_speed_yaw_kinematic_mae_m": 0.15134876944282588,
      "agent_valid_acc": 0.9212465560445782,
      "agent_vxvy_mae_mps": 0.5653889385543195,
      "agent_xy_mae_m": 1.2282021938086223,
      "agent_yaw_mae_deg": 4.227874873954503,
      "focus_agent_fde_m": 1.3657242721954423,
      "focus_agent_xy_mae_m": 0.6813063831159808,
      "latent_mse_future": 0.034169625531295454,
      "light_state_acc": 0.6212005015184842,
      "light_valid_acc": 0.9869152348501975,
      "loss_agent_delta_xy": 0.018340132963252816,
      "loss_agent_fde_xy": 0.7250761672599716,
      "loss_agent_kinematic_xy": 0.013131246752348887,
      "loss_agent_speed_yaw_kinematic": 0.013470246678376903,
      "loss_agent_valid": 1.0218325770309944,
      "loss_agent_vel": 0.20984044579718478,
      "loss_agent_xy": 0.39481511125240515,
      "loss_agent_yaw": 0.004451662911609945,
      "loss_light_state": 0.8244373742864224,
      "loss_light_valid": 0.1679711951267942,
      "loss_total": 1.2279402191331033
    },
    "h30": {
      "agent_delta_xy_mae_m": 0.25908259821103147,
      "agent_fde_mae_m": 6.348925952170668,
      "agent_kinematic_xy_mae_m": 0.20549049391010937,
      "agent_speed_mae_mps": 0.889213828379657,
      "agent_speed_yaw_kinematic_mae_m": 0.20817592424057166,
      "agent_valid_acc": 0.8738674948878976,
      "agent_vxvy_mae_mps": 1.0667003247215123,
      "agent_xy_mae_m": 2.9995151549541963,
      "agent_yaw_mae_deg": 7.457798936089627,
      "focus_agent_fde_m": 9.020309558605309,
      "focus_agent_xy_mae_m": 3.192999115548149,
      "latent_mse_future": 0.06076443623026192,
      "light_state_acc": 0.571563712393836,
      "light_valid_acc": 0.9690394752719601,
      "loss_agent_delta_xy": 0.04970688488772336,
      "loss_agent_fde_xy": 3.391409347911493,
      "loss_agent_kinematic_xy": 0.034934769527312545,
      "loss_agent_speed_yaw_kinematic": 0.03540744231048659,
      "loss_agent_valid": 1.681557005706617,
      "loss_agent_vel": 0.5397062727893631,
      "loss_agent_xy": 1.4053652253879256,
      "loss_agent_yaw": 0.012206877059369578,
      "loss_light_state": 1.7026166051604794,
      "loss_light_valid": 0.432277131345692,
      "loss_total": 3.157657963437874
    },
    "h50": {
      "agent_delta_xy_mae_m": 0.30557468189362263,
      "agent_fde_mae_m": 11.58340637550884,
      "agent_kinematic_xy_mae_m": 0.24587724853779186,
      "agent_speed_mae_mps": 1.2286942660740046,
      "agent_speed_yaw_kinematic_mae_m": 0.24740781587455832,
      "agent_valid_acc": 0.8488643708669009,
      "agent_vxvy_mae_mps": 1.4727652521535117,
      "agent_xy_mae_m": 5.689352666054283,
      "agent_yaw_mae_deg": 9.739000932794244,
      "focus_agent_fde_m": 19.565286606407035,
      "focus_agent_xy_mae_m": 7.745477095223972,
      "latent_mse_future": 0.08056273113605512,
      "light_state_acc": 0.5366350317419302,
      "light_valid_acc": 0.9525114908957424,
      "loss_agent_delta_xy": 0.06700241272066362,
      "loss_agent_fde_xy": 6.63324768340192,
      "loss_agent_kinematic_xy": 0.04906857505724698,
      "loss_agent_speed_yaw_kinematic": 0.049061586956647814,
      "loss_agent_valid": 1.9152912881087645,
      "loss_agent_vel": 0.818342593846331,
      "loss_agent_xy": 3.016176044386847,
      "loss_agent_yaw": 0.02164670677209834,
      "loss_light_state": 2.284207251378351,
      "loss_light_valid": 0.6635546807637082,
      "loss_total": 5.37115411030822
    },
    "h80": {
      "agent_delta_xy_mae_m": 0.5000759977824994,
      "agent_fde_mae_m": 19.97419444378354,
      "agent_kinematic_xy_mae_m": 0.4393133038847816,
      "agent_speed_mae_mps": 1.7756308327879204,
      "agent_speed_yaw_kinematic_mae_m": 0.4412670513553197,
      "agent_valid_acc": 0.7913644287775441,
      "agent_vxvy_mae_mps": 2.1163739885081774,
      "agent_xy_mae_m": 10.37937359317023,
      "agent_yaw_mae_deg": 13.828110460708828,
      "focus_agent_fde_m": 38.532165650713644,
      "focus_agent_xy_mae_m": 15.907565285202589,
      "latent_mse_future": 0.10384525043643364,
      "light_state_acc": 0.489579067352127,
      "light_valid_acc": 0.9169944601937062,
      "loss_agent_delta_xy": 0.1525618500694013,
      "loss_agent_fde_xy": 12.037849215079383,
      "loss_agent_kinematic_xy": 0.13218397896413633,
      "loss_agent_speed_yaw_kinematic": 0.1331444254339781,
      "loss_agent_valid": 1.885673379302859,
      "loss_agent_vel": 1.285312930344701,
      "loss_agent_xy": 5.905649085108731,
      "loss_agent_yaw": 0.04106487591252117,
      "loss_light_state": 2.505658114347835,
      "loss_light_valid": 0.8192475884097755,
      "loss_total": 9.207935211683264
    }
  },
  "val_size": 5002
}
