{
  "agent_distance_source": "focus",
  "agent_far_weight": 0.25,
  "ckpt_epoch": 75,
  "ckpt_step": 850000,
  "ego_action_clamp": false,
  "ego_action_normalization": "raw",
  "ego_action_source": "focus",
  "eval_batch_size": 1,
  "eval_ckpt": "/scratch/baz7dy/tri30/dreamer4/waymo/checkpoints/waymo_wm_v1_egoact_focus_raw_noclamp_win11_ctx1_h10_randstart_b2_norecon_1m/step_00850000.pt",
  "eval_ctx": 1,
  "eval_max_batches": 0,
  "eval_seq_len": 91,
  "horizons": [
    10,
    30,
    50,
    80,
    90
  ],
  "metrics": {
    "h10": {
      "agent_delta_xy_mae_m": 0.28694697753524406,
      "agent_fde_mae_m": 5.7352244740710265,
      "agent_kinematic_xy_mae_m": 0.2554408978553163,
      "agent_speed_mae_mps": 0.6807482024801463,
      "agent_speed_yaw_kinematic_mae_m": 0.2583828750113007,
      "agent_valid_acc": 0.878872907492982,
      "agent_vxvy_mae_mps": 0.8558717234859295,
      "agent_xy_mae_m": 3.9182787873670133,
      "agent_yaw_mae_deg": 10.803700983795416,
      "focus_agent_fde_m": 0.7530708632509007,
      "focus_agent_xy_mae_m": 0.6174143984895579,
      "latent_mse_future": 0.05584688864863845,
      "light_state_acc": 0.6007965679635338,
      "light_valid_acc": 0.9856270003657206,
      "loss_agent_delta_xy": 0.05865830664690005,
      "loss_agent_fde_xy": 2.374272057438781,
      "loss_agent_kinematic_xy": 0.051391605579230074,
      "loss_agent_speed_yaw_kinematic": 0.05187990267776692,
      "loss_agent_valid": 1.9440685857257,
      "loss_agent_vel": 0.30686051017240396,
      "loss_agent_xy": 1.5544785206771787,
      "loss_agent_yaw": 0.01985198280349001,
      "loss_light_state": 1.061702089296765,
      "loss_light_valid": 0.18102476114341212,
      "loss_total": 3.0163198508983586
    },
    "h30": {
      "agent_delta_xy_mae_m": 0.26695088310236453,
      "agent_fde_mae_m": 8.056450333298802,
      "agent_kinematic_xy_mae_m": 0.20252295787476363,
      "agent_speed_mae_mps": 1.095724550350273,
      "agent_speed_yaw_kinematic_mae_m": 0.20743237323358935,
      "agent_valid_acc": 0.7987590209215653,
      "agent_vxvy_mae_mps": 1.36283934074508,
      "agent_xy_mae_m": 5.684438129059556,
      "agent_yaw_mae_deg": 16.33029623741045,
      "focus_agent_fde_m": 1.2888866897178384,
      "focus_agent_xy_mae_m": 0.8030277922349583,
      "latent_mse_future": 0.09274919733283811,
      "light_state_acc": 0.5275259126709109,
      "light_valid_acc": 0.9656195956878498,
      "loss_agent_delta_xy": 0.043040875320263045,
      "loss_agent_fde_xy": 3.607810392302544,
      "loss_agent_kinematic_xy": 0.029752061895064276,
      "loss_agent_speed_yaw_kinematic": 0.030527622152548763,
      "loss_agent_valid": 3.0765877510421533,
      "loss_agent_vel": 0.5600178209072003,
      "loss_agent_xy": 2.3730118728471084,
      "loss_agent_yaw": 0.03509820991886666,
      "loss_light_state": 2.1526283855548525,
      "loss_light_valid": 0.4596780393273109,
      "loss_total": 4.617985011749819
    },
    "h50": {
      "agent_delta_xy_mae_m": 0.3233457194430465,
      "agent_fde_mae_m": 12.294264197111225,
      "agent_kinematic_xy_mae_m": 0.268444388397321,
      "agent_speed_mae_mps": 1.36912773632523,
      "agent_speed_yaw_kinematic_mae_m": 0.2722535161312665,
      "agent_valid_acc": 0.7651375631233159,
      "agent_vxvy_mae_mps": 1.7001150242793637,
      "agent_xy_mae_m": 7.307278227348511,
      "agent_yaw_mae_deg": 19.255064771127483,
      "focus_agent_fde_m": 10.483329545209012,
      "focus_agent_xy_mae_m": 2.8837798041772276,
      "latent_mse_future": 0.11516671284779263,
      "light_state_acc": 0.4839822364393294,
      "light_valid_acc": 0.949184320673424,
      "loss_agent_delta_xy": 0.06779381043113089,
      "loss_agent_fde_xy": 6.674988472761988,
      "loss_agent_kinematic_xy": 0.05632569932014408,
      "loss_agent_speed_yaw_kinematic": 0.056841819605301144,
      "loss_agent_valid": 3.4767354198606877,
      "loss_agent_vel": 0.7416933245762515,
      "loss_agent_xy": 3.3625765191178854,
      "loss_agent_yaw": 0.04495146785964124,
      "loss_light_state": 2.881276597043105,
      "loss_light_valid": 0.6897633349132027,
      "loss_total": 6.3561727792584675
    },
    "h80": {
      "agent_delta_xy_mae_m": 0.3599249802839632,
      "agent_fde_mae_m": 19.18005508267846,
      "agent_kinematic_xy_mae_m": 0.31075255837334675,
      "agent_speed_mae_mps": 1.694834188085611,
      "agent_speed_yaw_kinematic_mae_m": 0.3138259731617416,
      "agent_valid_acc": 0.7329740457144417,
      "agent_vxvy_mae_mps": 2.1073690739090516,
      "agent_xy_mae_m": 10.555407473822681,
      "agent_yaw_mae_deg": 21.772121613929386,
      "focus_agent_fde_m": 25.64319562653183,
      "focus_agent_xy_mae_m": 8.619783944072353,
      "latent_mse_future": 0.1815986117189441,
      "light_state_acc": 0.42705983986934426,
      "light_valid_acc": 0.9269017439867343,
      "loss_agent_delta_xy": 0.08381510684906249,
      "loss_agent_fde_xy": 12.109686198424264,
      "loss_agent_kinematic_xy": 0.07291695940816013,
      "loss_agent_speed_yaw_kinematic": 0.07401025277201789,
      "loss_agent_valid": 3.746419118450936,
      "loss_agent_vel": 0.9933875372114985,
      "loss_agent_xy": 5.561642056069628,
      "loss_agent_yaw": 0.05567799494518932,
      "loss_light_state": 3.6059374864046623,
      "loss_light_valid": 1.0017929575448143,
      "loss_total": 9.251212001490336
    },
    "h90": {
      "agent_delta_xy_mae_m": 0.37061718888565903,
      "agent_fde_mae_m": 21.3345733180803,
      "agent_kinematic_xy_mae_m": 0.31954240365276354,
      "agent_speed_mae_mps": 1.8043109819334728,
      "agent_speed_yaw_kinematic_mae_m": 0.32331477619799937,
      "agent_valid_acc": 0.725440304966175,
      "agent_vxvy_mae_mps": 2.25031546625744,
      "agent_xy_mae_m": 11.788915232127783,
      "agent_yaw_mae_deg": 22.460220100449735,
      "focus_agent_fde_m": 30.88442280494728,
      "focus_agent_xy_mae_m": 10.807948272346092,
      "latent_mse_future": 0.207827644929832,
      "light_state_acc": 0.41452257863770214,
      "light_valid_acc": 0.9223648131501432,
      "loss_agent_delta_xy": 0.08861698001811298,
      "loss_agent_fde_xy": 13.90759423035519,
      "loss_agent_kinematic_xy": 0.07689389097513627,
      "loss_agent_speed_yaw_kinematic": 0.07886062402519115,
      "loss_agent_valid": 3.801750160405412,
      "loss_agent_vel": 1.0795944354793683,
      "loss_agent_xy": 6.393545140663846,
      "loss_agent_yaw": 0.05875315710263861,
      "loss_light_state": 3.8067067429942947,
      "loss_light_valid": 1.0638214791772156,
      "loss_total": 10.274995198658779
    }
  },
  "use_ego_actions": true,
  "val_size": 5002
}
