{
  "agent_distance_source": "focus",
  "agent_far_weight": 0.25,
  "ckpt_epoch": 17,
  "ckpt_step": 200000,
  "ego_action_clamp": false,
  "ego_action_normalization": "raw",
  "ego_action_source": "focus",
  "eval_batch_size": 1,
  "eval_ckpt": "/scratch/baz7dy/tri30/dreamer4/waymo/checkpoints/waymo_wm_v1_egoact_focus_raw_noclamp_full91_ctx1_h90_norecon_1m/step_00200000.pt",
  "eval_ctx": 1,
  "eval_max_batches": 0,
  "eval_seq_len": 91,
  "horizons": [
    10,
    30,
    50,
    80,
    90
  ],
  "metrics": {
    "h10": {
      "agent_delta_xy_mae_m": 0.34083575467433463,
      "agent_fde_mae_m": 6.04196589202082,
      "agent_kinematic_xy_mae_m": 0.3020333469194062,
      "agent_speed_mae_mps": 0.6520256559155593,
      "agent_speed_yaw_kinematic_mae_m": 0.3057518597559684,
      "agent_valid_acc": 0.9183277161371132,
      "agent_vxvy_mae_mps": 0.8224824722610512,
      "agent_xy_mae_m": 4.036063782409018,
      "agent_yaw_mae_deg": 10.148014937801177,
      "focus_agent_fde_m": 0.39455690224595064,
      "focus_agent_xy_mae_m": 0.28734603416767107,
      "latent_mse_future": 0.05061966517021037,
      "light_state_acc": 0.6204735068608074,
      "light_valid_acc": 0.9884321279808885,
      "loss_agent_delta_xy": 0.0822639647067008,
      "loss_agent_fde_xy": 2.522158276900405,
      "loss_agent_kinematic_xy": 0.07367033864579453,
      "loss_agent_speed_yaw_kinematic": 0.07414437500093492,
      "loss_agent_valid": 1.2290640611084591,
      "loss_agent_vel": 0.29495988848540683,
      "loss_agent_xy": 1.6005043337856684,
      "loss_agent_yaw": 0.020040777818253322,
      "loss_light_state": 0.786878366329519,
      "loss_light_valid": 0.15667288420429995,
      "loss_total": 2.929564397916144
    },
    "h30": {
      "agent_delta_xy_mae_m": 0.2508504517467284,
      "agent_fde_mae_m": 8.133848469884622,
      "agent_kinematic_xy_mae_m": 0.16959306792613388,
      "agent_speed_mae_mps": 1.026885388214223,
      "agent_speed_yaw_kinematic_mae_m": 0.17348872321914408,
      "agent_valid_acc": 0.8804623448922605,
      "agent_vxvy_mae_mps": 1.2812518885955722,
      "agent_xy_mae_m": 5.898221035055617,
      "agent_yaw_mae_deg": 14.537957772749607,
      "focus_agent_fde_m": 1.4339830357922476,
      "focus_agent_xy_mae_m": 0.6321871328187726,
      "latent_mse_future": 0.0780840804209936,
      "light_state_acc": 0.557257773743042,
      "light_valid_acc": 0.9708654117472216,
      "loss_agent_delta_xy": 0.044499612218661805,
      "loss_agent_fde_xy": 3.7564402167759434,
      "loss_agent_kinematic_xy": 0.02865166180641999,
      "loss_agent_speed_yaw_kinematic": 0.02909936047686891,
      "loss_agent_valid": 1.6991465877705434,
      "loss_agent_vel": 0.5353877673088322,
      "loss_agent_xy": 2.501706109082446,
      "loss_agent_yaw": 0.03233860374607944,
      "loss_light_state": 1.7855691099254913,
      "loss_light_valid": 0.39764358119824506,
      "loss_total": 4.259404570522641
    },
    "h50": {
      "agent_delta_xy_mae_m": 0.30517186535249013,
      "agent_fde_mae_m": 12.54948331400758,
      "agent_kinematic_xy_mae_m": 0.2251446665574114,
      "agent_speed_mae_mps": 1.2960949116429297,
      "agent_speed_yaw_kinematic_mae_m": 0.2278741982008447,
      "agent_valid_acc": 0.8505854928364806,
      "agent_vxvy_mae_mps": 1.5979748966692924,
      "agent_xy_mae_m": 7.5337388414661675,
      "agent_yaw_mae_deg": 16.741564761145693,
      "focus_agent_fde_m": 11.10250417533156,
      "focus_agent_xy_mae_m": 2.9748072077098286,
      "latent_mse_future": 0.09701958691745467,
      "light_state_acc": 0.5215772088653952,
      "light_valid_acc": 0.9554930481939066,
      "loss_agent_delta_xy": 0.06758235423405683,
      "loss_agent_fde_xy": 6.987609292687726,
      "loss_agent_kinematic_xy": 0.05149010477649675,
      "loss_agent_speed_yaw_kinematic": 0.051696348716022175,
      "loss_agent_valid": 2.0051022984510714,
      "loss_agent_vel": 0.7114094422511259,
      "loss_agent_xy": 3.546079007209372,
      "loss_agent_yaw": 0.03930666689860804,
      "loss_light_state": 2.412023977035375,
      "loss_light_valid": 0.6121862940311696,
      "loss_total": 5.950531372829515
    },
    "h80": {
      "agent_delta_xy_mae_m": 0.44932196562627896,
      "agent_fde_mae_m": 20.025218221150794,
      "agent_kinematic_xy_mae_m": 0.37338968127167543,
      "agent_speed_mae_mps": 1.6698049725037438,
      "agent_speed_yaw_kinematic_mae_m": 0.37568127265909773,
      "agent_valid_acc": 0.7977241012143022,
      "agent_vxvy_mae_mps": 2.0217007618816027,
      "agent_xy_mae_m": 10.958427240566367,
      "agent_yaw_mae_deg": 19.4204964866785,
      "focus_agent_fde_m": 29.77456684137394,
      "focus_agent_xy_mae_m": 9.26906388124279,
      "latent_mse_future": 0.11570143725656745,
      "light_state_acc": 0.47272497791611573,
      "light_valid_acc": 0.9241025547107092,
      "loss_agent_delta_xy": 0.13261020552647745,
      "loss_agent_fde_xy": 13.067461158432325,
      "loss_agent_kinematic_xy": 0.11593096637016595,
      "loss_agent_speed_yaw_kinematic": 0.11651959515870085,
      "loss_agent_valid": 2.1134274473204546,
      "loss_agent_vel": 1.00745308723469,
      "loss_agent_xy": 5.8799699946838775,
      "loss_agent_yaw": 0.05025809698702828,
      "loss_light_state": 2.7872467851983425,
      "loss_light_valid": 0.8251738895185798,
      "loss_total": 9.12034588540997
    },
    "h90": {
      "agent_delta_xy_mae_m": 0.5088012155409052,
      "agent_fde_mae_m": 22.199496211027537,
      "agent_kinematic_xy_mae_m": 0.4325890753512047,
      "agent_speed_mae_mps": 1.7870658417237921,
      "agent_speed_yaw_kinematic_mae_m": 0.43513123574601514,
      "agent_valid_acc": 0.7779071382025345,
      "agent_vxvy_mae_mps": 2.1550496824291265,
      "agent_xy_mae_m": 12.301732388509365,
      "agent_yaw_mae_deg": 20.33947083348038,
      "focus_agent_fde_m": 33.83288023815077,
      "focus_agent_xy_mae_m": 11.808764086199886,
      "latent_mse_future": 0.12072585922869214,
      "light_state_acc": 0.4634419917641003,
      "light_valid_acc": 0.9116332783002179,
      "loss_agent_delta_xy": 0.16412570508590182,
      "loss_agent_fde_xy": 14.734021793671104,
      "loss_agent_kinematic_xy": 0.1469529418707466,
      "loss_agent_speed_yaw_kinematic": 0.1478218259544941,
      "loss_agent_valid": 2.1224693771658756,
      "loss_agent_vel": 1.116591635913473,
      "loss_agent_xy": 6.803293068794573,
      "loss_agent_yaw": 0.05456614725692782,
      "loss_light_state": 2.7709081077657776,
      "loss_light_valid": 0.8699222030471607,
      "loss_total": 10.316220467946664
    }
  },
  "use_ego_actions": true,
  "val_size": 5002
}
