{
  "agent_distance_source": "focus",
  "agent_far_weight": 0.25,
  "ckpt_epoch": 75,
  "ckpt_step": 850000,
  "ego_action_clamp": false,
  "ego_action_normalization": "raw",
  "ego_action_source": "focus",
  "eval_batch_size": 1,
  "eval_ckpt": "/scratch/baz7dy/tri30/dreamer4/waymo/checkpoints/waymo_wm_v1_egoact_focus_raw_noclamp_win11_ctx1_h10_randstart_lat64b32_norecon_1m/step_00850000.pt",
  "eval_ctx": 11,
  "eval_max_batches": 0,
  "eval_seq_len": 100,
  "horizons": [
    10,
    30,
    50,
    80
  ],
  "metrics": {
    "h10": {
      "agent_delta_xy_mae_m": 0.11719741582310424,
      "agent_fde_mae_m": 1.1039870329043333,
      "agent_kinematic_xy_mae_m": 0.09429550550316498,
      "agent_speed_mae_mps": 0.42827300107056665,
      "agent_speed_yaw_kinematic_mae_m": 0.1039041403177582,
      "agent_valid_acc": 0.9251779077149352,
      "agent_vxvy_mae_mps": 0.5393752337651985,
      "agent_xy_mae_m": 0.7046005352467644,
      "agent_yaw_mae_deg": 6.303343136946424,
      "focus_agent_fde_m": 0.5135065734238935,
      "focus_agent_xy_mae_m": 0.3409253842234969,
      "latent_mse_future": 0.023258053737525243,
      "light_state_acc": 0.6130427734305213,
      "light_valid_acc": 0.9864654151655016,
      "loss_agent_delta_xy": 0.006291046517587905,
      "loss_agent_fde_xy": 0.3271973034060124,
      "loss_agent_kinematic_xy": 0.0037311308897049512,
      "loss_agent_speed_yaw_kinematic": 0.004796115267861326,
      "loss_agent_valid": 0.7452357949858441,
      "loss_agent_vel": 0.14939353016183907,
      "loss_agent_xy": 0.1597058407478973,
      "loss_agent_yaw": 0.0065824895493194376,
      "loss_light_state": 1.0244389127924551,
      "loss_light_valid": 0.1548145078914943,
      "loss_total": 0.9426898051154573
    },
    "h30": {
      "agent_delta_xy_mae_m": 0.24245722501537575,
      "agent_fde_mae_m": 4.731698402234527,
      "agent_kinematic_xy_mae_m": 0.21398381723455193,
      "agent_speed_mae_mps": 0.8265862080534069,
      "agent_speed_yaw_kinematic_mae_m": 0.22409089979622923,
      "agent_valid_acc": 0.8781411593578091,
      "agent_vxvy_mae_mps": 1.0230355408669758,
      "agent_xy_mae_m": 2.1075775058018786,
      "agent_yaw_mae_deg": 10.491772636657998,
      "focus_agent_fde_m": 5.773101848177947,
      "focus_agent_xy_mae_m": 1.4263429297190138,
      "latent_mse_future": 0.045021424646445006,
      "light_state_acc": 0.552910917213463,
      "light_valid_acc": 0.9659561286600339,
      "loss_agent_delta_xy": 0.046907337142716124,
      "loss_agent_fde_xy": 2.610825119394867,
      "loss_agent_kinematic_xy": 0.04403028032984115,
      "loss_agent_speed_yaw_kinematic": 0.04531573433119834,
      "loss_agent_valid": 1.2578500207775227,
      "loss_agent_vel": 0.4011333815486091,
      "loss_agent_xy": 0.8941554222367659,
      "loss_agent_yaw": 0.01675199692224397,
      "loss_light_state": 1.9719510803202502,
      "loss_light_valid": 0.3916618812561805,
      "loss_total": 2.6905927169160906
    },
    "h50": {
      "agent_delta_xy_mae_m": 0.3001791788998698,
      "agent_fde_mae_m": 10.153657021354743,
      "agent_kinematic_xy_mae_m": 0.2937533331283482,
      "agent_speed_mae_mps": 1.199725084114032,
      "agent_speed_yaw_kinematic_mae_m": 0.30173225666670767,
      "agent_valid_acc": 0.8482169326378411,
      "agent_vxvy_mae_mps": 1.4690774408180634,
      "agent_xy_mae_m": 4.576780460420393,
      "agent_yaw_mae_deg": 14.102063127705117,
      "focus_agent_fde_m": 14.83962822991309,
      "focus_agent_xy_mae_m": 5.083196652289785,
      "latent_mse_future": 0.06481812845031898,
      "light_state_acc": 0.5082050155895185,
      "light_valid_acc": 0.9481789725990902,
      "loss_agent_delta_xy": 0.06604615838846147,
      "loss_agent_fde_xy": 6.370394779891312,
      "loss_agent_kinematic_xy": 0.06891777831567648,
      "loss_agent_speed_yaw_kinematic": 0.07020982382179494,
      "loss_agent_valid": 1.5552373127290557,
      "loss_agent_vel": 0.6674907712395437,
      "loss_agent_xy": 2.44781557983253,
      "loss_agent_yaw": 0.02881539135305371,
      "loss_light_state": 2.684246034205605,
      "loss_light_valid": 0.616076168915095,
      "loss_total": 4.99575530565152
    },
    "h80": {
      "agent_delta_xy_mae_m": 0.3460376003503156,
      "agent_fde_mae_m": 17.67510495777847,
      "agent_kinematic_xy_mae_m": 0.3665307388186264,
      "agent_speed_mae_mps": 1.7847298251622108,
      "agent_speed_yaw_kinematic_mae_m": 0.3763036006835938,
      "agent_valid_acc": 0.8083051521031678,
      "agent_vxvy_mae_mps": 2.14092326743669,
      "agent_xy_mae_m": 8.980907897051218,
      "agent_yaw_mae_deg": 18.874864075480343,
      "focus_agent_fde_m": 30.451718152584288,
      "focus_agent_xy_mae_m": 11.683795333689885,
      "latent_mse_future": 0.11579273488880491,
      "light_state_acc": 0.4645633051511789,
      "light_valid_acc": 0.9250429560650425,
      "loss_agent_delta_xy": 0.08389388350083302,
      "loss_agent_fde_xy": 12.23240463624521,
      "loss_agent_kinematic_xy": 0.09785627714716313,
      "loss_agent_speed_yaw_kinematic": 0.10015630892081624,
      "loss_agent_valid": 1.9073558699378732,
      "loss_agent_vel": 1.082585149774196,
      "loss_agent_xy": 5.265609278411019,
      "loss_agent_yaw": 0.04718841494708808,
      "loss_light_state": 3.31660253432621,
      "loss_light_valid": 0.9119215498647846,
      "loss_total": 8.651054652332544
    }
  },
  "use_ego_actions": true,
  "val_size": 5002
}
