{
  "agent_distance_source": "focus",
  "agent_far_weight": 0.25,
  "ckpt_epoch": 75,
  "ckpt_step": 850000,
  "ego_action_clamp": false,
  "ego_action_normalization": "raw",
  "ego_action_source": "focus",
  "eval_batch_size": 1,
  "eval_ckpt": "/scratch/baz7dy/tri30/dreamer4/waymo/checkpoints/waymo_wm_v1_egoact_focus_raw_noclamp_win11_ctx1_h10_randstart_lat32b16_norecon_1m/step_00850000.pt",
  "eval_ctx": 11,
  "eval_max_batches": 0,
  "eval_seq_len": 100,
  "horizons": [
    10,
    30,
    50,
    80
  ],
  "metrics": {
    "h10": {
      "agent_delta_xy_mae_m": 0.14010319719109676,
      "agent_fde_mae_m": 1.3744685082424168,
      "agent_kinematic_xy_mae_m": 0.10740941658061964,
      "agent_speed_mae_mps": 0.44042618868977534,
      "agent_speed_yaw_kinematic_mae_m": 0.11313668266869709,
      "agent_valid_acc": 0.929934095938365,
      "agent_vxvy_mae_mps": 0.6100492219357598,
      "agent_xy_mae_m": 0.8320935164711943,
      "agent_yaw_mae_deg": 8.038242250502181,
      "focus_agent_fde_m": 0.5000693702277859,
      "focus_agent_xy_mae_m": 0.4721217046185333,
      "latent_mse_future": 0.01613879190792176,
      "light_state_acc": 0.6127121893552,
      "light_valid_acc": 0.9832479528775934,
      "loss_agent_delta_xy": 0.00958672726412652,
      "loss_agent_fde_xy": 0.4195756222397351,
      "loss_agent_kinematic_xy": 0.005070878002794378,
      "loss_agent_speed_yaw_kinematic": 0.006006214253737235,
      "loss_agent_valid": 0.6840820944040451,
      "loss_agent_vel": 0.17294626156162726,
      "loss_agent_xy": 0.20057930948003466,
      "loss_agent_yaw": 0.010693614979511427,
      "loss_light_state": 1.0422274467982704,
      "loss_light_valid": 0.1394101604272272,
      "loss_total": 1.0016372257956072
    },
    "h30": {
      "agent_delta_xy_mae_m": 0.2545135478209444,
      "agent_fde_mae_m": 5.361799857584012,
      "agent_kinematic_xy_mae_m": 0.19468949134515576,
      "agent_speed_mae_mps": 0.8700269942537922,
      "agent_speed_yaw_kinematic_mae_m": 0.20435635540492889,
      "agent_valid_acc": 0.8802365579637514,
      "agent_vxvy_mae_mps": 1.1803592035546153,
      "agent_xy_mae_m": 2.5281664566939375,
      "agent_yaw_mae_deg": 15.001689034025938,
      "focus_agent_fde_m": 4.654488821777224,
      "focus_agent_xy_mae_m": 1.1960868433129783,
      "latent_mse_future": 0.03323391533931713,
      "light_state_acc": 0.5330825850046554,
      "light_valid_acc": 0.9616728447904972,
      "loss_agent_delta_xy": 0.044711981810059996,
      "loss_agent_fde_xy": 2.7443946803011734,
      "loss_agent_kinematic_xy": 0.03380775787814635,
      "loss_agent_speed_yaw_kinematic": 0.035505644830887015,
      "loss_agent_valid": 1.2418104802554597,
      "loss_agent_vel": 0.44839487330815264,
      "loss_agent_xy": 1.0362750049211273,
      "loss_agent_yaw": 0.029730188973495265,
      "loss_light_state": 2.2946602090512145,
      "loss_light_valid": 0.347338186025385,
      "loss_total": 2.945813643353217
    },
    "h50": {
      "agent_delta_xy_mae_m": 0.3075057764450868,
      "agent_fde_mae_m": 10.732893287825709,
      "agent_kinematic_xy_mae_m": 0.2511075796251867,
      "agent_speed_mae_mps": 1.1974132016393506,
      "agent_speed_yaw_kinematic_mae_m": 0.26188499279922006,
      "agent_valid_acc": 0.8434197746398973,
      "agent_vxvy_mae_mps": 1.5637879775839298,
      "agent_xy_mae_m": 4.946469738334716,
      "agent_yaw_mae_deg": 18.86940340668571,
      "focus_agent_fde_m": 14.11960938908938,
      "focus_agent_xy_mae_m": 4.581311414005612,
      "latent_mse_future": 0.04967633863186381,
      "light_state_acc": 0.48871801744467663,
      "light_valid_acc": 0.9450314804190686,
      "loss_agent_delta_xy": 0.06483735084662255,
      "loss_agent_fde_xy": 6.512141505058934,
      "loss_agent_kinematic_xy": 0.05549689138154375,
      "loss_agent_speed_yaw_kinematic": 0.05747212716172532,
      "loss_agent_valid": 1.5651270838935138,
      "loss_agent_vel": 0.6875859843727137,
      "loss_agent_xy": 2.5509988095451956,
      "loss_agent_yaw": 0.04324762041300501,
      "loss_light_state": 3.0490595899225963,
      "loss_light_valid": 0.5188945177093786,
      "loss_total": 5.19828899105231
    },
    "h80": {
      "agent_delta_xy_mae_m": 0.34999664156574434,
      "agent_fde_mae_m": 18.293315831206886,
      "agent_kinematic_xy_mae_m": 0.29608245227993824,
      "agent_speed_mae_mps": 1.6434473841965365,
      "agent_speed_yaw_kinematic_mae_m": 0.31046099144919237,
      "agent_valid_acc": 0.8000499717548627,
      "agent_vxvy_mae_mps": 2.056937707043657,
      "agent_xy_mae_m": 9.145676109467635,
      "agent_yaw_mae_deg": 23.314304500258192,
      "focus_agent_fde_m": 29.957949136420698,
      "focus_agent_xy_mae_m": 11.11394821344817,
      "latent_mse_future": 0.07158436763739144,
      "light_state_acc": 0.4347577539382179,
      "light_valid_acc": 0.924296692375694,
      "loss_agent_delta_xy": 0.08205634029493702,
      "loss_agent_fde_xy": 12.39220819731609,
      "loss_agent_kinematic_xy": 0.07551882229009937,
      "loss_agent_speed_yaw_kinematic": 0.07902769818085573,
      "loss_agent_valid": 1.9620140615688604,
      "loss_agent_vel": 1.018659603433078,
      "loss_agent_xy": 5.285137579744695,
      "loss_agent_yaw": 0.06127719625803467,
      "loss_light_state": 3.9548006072270825,
      "loss_light_valid": 0.7369614730862912,
      "loss_total": 8.804254730264457
    }
  },
  "use_ego_actions": true,
  "val_size": 5002
}
